path,run_id,model,dataset,subset_name,pruner,retention,calibrator,seed,n_samples,sample_indices_hash,paper_eligible,accuracy,ece,adaptive_ece,aurc,max_softmax_mean,pruner_evidence_type,sanity_only,paper_eligible_summary,delta_accuracy,delta_ece,delta_adaptive_ece,delta_aurc,delta_max_softmax_mean,delta_accuracy_vs_raw,delta_ece_vs_raw,delta_adaptive_ece_vs_raw,delta_aurc_vs_raw,delta_max_softmax_mean_vs_raw
results/raw/mmbench_cn_lite_llava_128_256\llava15_7b_4bit-mmbench_cn-cal-fastv-r0.25-n128-seed20260616.json,llava15_7b_4bit-mmbench_cn-cal-fastv-r0.25-n128-seed20260616,llava15_7b_4bit,mmbench_cn,cal,fastv,0.25,none,20260616,128,67c38b8ba313c3c2,False,0.3671875,0.2666581882618162,0.27906404730536644,0.5220822968790331,0.6338456882618162,literature-hook,False,False,0.015625,-0.029437246221095337,-0.018288242728124626,-0.006959838313367106,-0.011383489444346084,0.0,0.0,0.0,0.0,0.0
results/raw/mmbench_cn_lite_llava_128_256_seed20260617\llava15_7b_4bit-mmbench_cn-cal-fastv-r0.25-n128-seed20260617.json,llava15_7b_4bit-mmbench_cn-cal-fastv-r0.25-n128-seed20260617,llava15_7b_4bit,mmbench_cn,cal,fastv,0.25,none,20260617,128,c846c4eca360fc4f,False,0.359375,0.314840256433768,0.3148402564337681,0.49887949779242136,0.674215256433768,literature-hook,False,False,-0.03125,0.044550958704943744,0.048683863495645574,0.03654996727318305,0.021212308377404288,0.0,0.0,0.0,0.0,0.0
results/raw/mmbench_cn_lite_llava_128_256_seed20260618\llava15_7b_4bit-mmbench_cn-cal-fastv-r0.25-n128-seed20260618.json,llava15_7b_4bit-mmbench_cn-cal-fastv-r0.25-n128-seed20260618,llava15_7b_4bit,mmbench_cn,cal,fastv,0.25,none,20260618,128,0feef6c2f4e55bc4,False,0.3359375,0.2947449257120438,0.2947449257120438,0.5563216920814471,0.6306824257120439,literature-hook,False,False,0.0078125,-0.024165409382239655,-0.013160991765108265,-0.03324919852332764,-0.00534849176510821,0.0,0.0,0.0,0.0,0.0
results/raw/mmbench_cn_lite_llava_128_256\llava15_7b_4bit-mmbench_cn-cal-fastv-r0.5-n128-seed20260616.json,llava15_7b_4bit-mmbench_cn-cal-fastv-r0.5-n128-seed20260616,llava15_7b_4bit,mmbench_cn,cal,fastv,0.5,none,20260616,128,67c38b8ba313c3c2,False,0.34375,0.3031562878751505,0.2979411292898759,0.5274847149250161,0.6384752034110479,literature-hook,False,False,-0.0078125,0.007060853392238942,0.0005888392563848099,-0.0015574202673840354,-0.006753974295114373,0.0,0.0,0.0,0.0,0.0
results/raw/mmbench_cn_lite_llava_128_256_seed20260617\llava15_7b_4bit-mmbench_cn-cal-fastv-r0.5-n128-seed20260617.json,llava15_7b_4bit-mmbench_cn-cal-fastv-r0.5-n128-seed20260617,llava15_7b_4bit,mmbench_cn,cal,fastv,0.5,none,20260617,128,c846c4eca360fc4f,False,0.375,0.33464917914292186,0.3071382805327459,0.49056094273860695,0.6821382805327458,literature-hook,False,False,-0.015625,0.0643598814140976,0.040981887594623345,0.028231412219368646,0.029135332476382114,0.0,0.0,0.0,0.0,0.0
results/raw/mmbench_cn_lite_llava_128_256_seed20260618\llava15_7b_4bit-mmbench_cn-cal-fastv-r0.5-n128-seed20260618.json,llava15_7b_4bit-mmbench_cn-cal-fastv-r0.5-n128-seed20260618,llava15_7b_4bit,mmbench_cn,cal,fastv,0.5,none,20260618,128,0feef6c2f4e55bc4,False,0.3203125,0.3324173362188803,0.32653091531599887,0.5363161425171853,0.6468434153159988,literature-hook,False,False,-0.0078125,0.013507001124596851,0.018624997838846802,-0.053254748087589454,0.010812497838846635,0.0,0.0,0.0,0.0,0.0
results/raw/mmbench_cn_lite_llava_128_256\llava15_7b_4bit-mmbench_cn-cal-fastv-r0.75-n128-seed20260616.json,llava15_7b_4bit-mmbench_cn-cal-fastv-r0.75-n128-seed20260616,llava15_7b_4bit,mmbench_cn,cal,fastv,0.75,none,20260616,128,67c38b8ba313c3c2,False,0.3671875,0.28647462968152254,0.2997395712288979,0.5220795771607722,0.6471854215872159,literature-hook,False,False,0.015625,-0.009620804801388994,0.0023872811954068207,-0.00696255803162793,0.001956243881053643,0.0,0.0,0.0,0.0,0.0
results/raw/mmbench_cn_lite_llava_128_256_seed20260617\llava15_7b_4bit-mmbench_cn-cal-fastv-r0.75-n128-seed20260617.json,llava15_7b_4bit-mmbench_cn-cal-fastv-r0.75-n128-seed20260617,llava15_7b_4bit,mmbench_cn,cal,fastv,0.75,none,20260617,128,c846c4eca360fc4f,False,0.3671875,0.3050940544178036,0.3050940544178035,0.4740017482754189,0.6722815544178036,literature-hook,False,False,-0.0234375,0.03480475668897931,0.038937661479680974,0.011672217756180603,0.019278606361439854,0.0,0.0,0.0,0.0,0.0
results/raw/mmbench_cn_lite_llava_128_256_seed20260618\llava15_7b_4bit-mmbench_cn-cal-fastv-r0.75-n128-seed20260618.json,llava15_7b_4bit-mmbench_cn-cal-fastv-r0.75-n128-seed20260618,llava15_7b_4bit,mmbench_cn,cal,fastv,0.75,none,20260618,128,0feef6c2f4e55bc4,False,0.3125,0.3270778061475439,0.3266237897526899,0.5658396245886246,0.6391237897526898,literature-hook,False,False,-0.015625,0.008167471053260433,0.01871787227553784,-0.023731266016150165,0.0030928722755376725,0.0,0.0,0.0,0.0,0.0
results/raw/mmbench_cn_lite_llava_128_256\llava15_7b_4bit-mmbench_cn-cal-none-r1-n128-seed20260616.json,llava15_7b_4bit-mmbench_cn-cal-none-r1-n128-seed20260616,llava15_7b_4bit,mmbench_cn,cal,none,1.0,none,20260616,128,67c38b8ba313c3c2,False,0.3515625,0.29609543448291153,0.29735229003349106,0.5290421351924002,0.6452291777061623,unpruned,False,False,0.0,0.0,0.0,0.0,0.0,0.0,0.0,0.0,0.0,0.0
results/raw/mmbench_cn_lite_llava_128_256_seed20260617\llava15_7b_4bit-mmbench_cn-cal-none-r1-n128-seed20260617.json,llava15_7b_4bit-mmbench_cn-cal-none-r1-n128-seed20260617,llava15_7b_4bit,mmbench_cn,cal,none,1.0,none,20260617,128,c846c4eca360fc4f,False,0.390625,0.27028929772882426,0.26615639293812254,0.4623295305192383,0.6530029480563637,unpruned,False,False,0.0,0.0,0.0,0.0,0.0,0.0,0.0,0.0,0.0,0.0
results/raw/mmbench_cn_lite_llava_128_256_seed20260618\llava15_7b_4bit-mmbench_cn-cal-none-r1-n128-seed20260618.json,llava15_7b_4bit-mmbench_cn-cal-none-r1-n128-seed20260618,llava15_7b_4bit,mmbench_cn,cal,none,1.0,none,20260618,128,0feef6c2f4e55bc4,False,0.328125,0.31891033509428346,0.30790591747715207,0.5895708906047747,0.6360309174771521,unpruned,False,False,0.0,0.0,0.0,0.0,0.0,0.0,0.0,0.0,0.0,0.0
results/raw/mmbench_cn_lite_llava_128_256\llava15_7b_4bit-mmbench_cn-cal-visionzip-r0.25-n128-seed20260616.json,llava15_7b_4bit-mmbench_cn-cal-visionzip-r0.25-n128-seed20260616,llava15_7b_4bit,mmbench_cn,cal,visionzip,0.25,none,20260616,128,67c38b8ba313c3c2,False,0.359375,0.2677643130558466,0.27829164983354526,0.5182445997453663,0.6271393130558466,literature-hook,False,False,0.0078125,-0.028331121427064954,-0.0190606401999458,-0.010797535447033879,-0.0180898646503157,0.0,0.0,0.0,0.0,0.0
results/raw/mmbench_cn_lite_llava_128_256_seed20260617\llava15_7b_4bit-mmbench_cn-cal-visionzip-r0.25-n128-seed20260617.json,llava15_7b_4bit-mmbench_cn-cal-visionzip-r0.25-n128-seed20260617,llava15_7b_4bit,mmbench_cn,cal,visionzip,0.25,none,20260617,128,c846c4eca360fc4f,False,0.421875,0.2781824421143652,0.2822353165805692,0.49328311564610383,0.659906629326471,literature-hook,False,False,0.03125,0.007893144385540951,0.016078923642446674,0.030953585126865524,0.00690368127010732,0.0,0.0,0.0,0.0,0.0
results/raw/mmbench_cn_lite_llava_128_256_seed20260618\llava15_7b_4bit-mmbench_cn-cal-visionzip-r0.25-n128-seed20260618.json,llava15_7b_4bit-mmbench_cn-cal-visionzip-r0.25-n128-seed20260618,llava15_7b_4bit,mmbench_cn,cal,visionzip,0.25,none,20260618,128,0feef6c2f4e55bc4,False,0.359375,0.2919524446233641,0.29195244462336406,0.5000352241424034,0.651327444623364,literature-hook,False,False,0.03125,-0.026957890470919343,-0.01595347285378801,-0.08953566646237132,0.01529652714621188,0.0,0.0,0.0,0.0,0.0
results/raw/mmbench_cn_lite_llava_128_256\llava15_7b_4bit-mmbench_cn-cal-visionzip-r0.5-n128-seed20260616.json,llava15_7b_4bit-mmbench_cn-cal-visionzip-r0.5-n128-seed20260616,llava15_7b_4bit,mmbench_cn,cal,visionzip,0.5,none,20260616,128,67c38b8ba313c3c2,False,0.3828125,0.2587542450308158,0.265045913591027,0.5028623556911389,0.634542491426951,literature-hook,False,False,0.03125,-0.03734118945209575,-0.032306376442464035,-0.02617977950126127,-0.010686686279211322,0.0,0.0,0.0,0.0,0.0
results/raw/mmbench_cn_lite_llava_128_256_seed20260617\llava15_7b_4bit-mmbench_cn-cal-visionzip-r0.5-n128-seed20260617.json,llava15_7b_4bit-mmbench_cn-cal-visionzip-r0.5-n128-seed20260617,llava15_7b_4bit,mmbench_cn,cal,visionzip,0.5,none,20260617,128,c846c4eca360fc4f,False,0.390625,0.2685066566776282,0.2718141252886325,0.46233775270496724,0.6591316566776282,literature-hook,False,False,0.0,-0.0017826410511960766,0.005657732350509981,8.222185728934406e-06,0.006128708621264467,0.0,0.0,0.0,0.0,0.0
results/raw/mmbench_cn_lite_llava_128_256_seed20260618\llava15_7b_4bit-mmbench_cn-cal-visionzip-r0.5-n128-seed20260618.json,llava15_7b_4bit-mmbench_cn-cal-visionzip-r0.5-n128-seed20260618,llava15_7b_4bit,mmbench_cn,cal,visionzip,0.5,none,20260618,128,0feef6c2f4e55bc4,False,0.3828125,0.2684211757312474,0.27188838902621304,0.49257463131647383,0.6498037112920574,literature-hook,False,False,0.0546875,-0.05048915936303605,-0.03601752845093903,-0.09699625928830091,0.01377279381490526,0.0,0.0,0.0,0.0,0.0
results/raw/mmbench_cn_lite_llava_128_256\llava15_7b_4bit-mmbench_cn-cal-visionzip-r0.75-n128-seed20260616.json,llava15_7b_4bit-mmbench_cn-cal-visionzip-r0.75-n128-seed20260616,llava15_7b_4bit,mmbench_cn,cal,visionzip,0.75,none,20260616,128,67c38b8ba313c3c2,False,0.3359375,0.3014917530194806,0.3014917530194806,0.5244271420767403,0.6374292530194805,literature-hook,False,False,-0.015625,0.005396318536569078,0.00413946298598955,-0.004614993115659827,-0.007799924686681781,0.0,0.0,0.0,0.0,0.0
results/raw/mmbench_cn_lite_llava_128_256_seed20260617\llava15_7b_4bit-mmbench_cn-cal-visionzip-r0.75-n128-seed20260617.json,llava15_7b_4bit-mmbench_cn-cal-visionzip-r0.75-n128-seed20260617,llava15_7b_4bit,mmbench_cn,cal,visionzip,0.75,none,20260617,128,c846c4eca360fc4f,False,0.359375,0.3048628129893112,0.30486281298931117,0.45855312060748393,0.6642378129893112,literature-hook,False,False,-0.03125,0.034573515260486964,0.03870642005118863,-0.003776409911754375,0.011234864932947453,0.0,0.0,0.0,0.0,0.0
results/raw/mmbench_cn_lite_llava_128_256_seed20260618\llava15_7b_4bit-mmbench_cn-cal-visionzip-r0.75-n128-seed20260618.json,llava15_7b_4bit-mmbench_cn-cal-visionzip-r0.75-n128-seed20260618,llava15_7b_4bit,mmbench_cn,cal,visionzip,0.75,none,20260618,128,0feef6c2f4e55bc4,False,0.3515625,0.28263254873939614,0.28263254873939614,0.5452991068726021,0.6341950487393961,literature-hook,False,False,0.0234375,-0.03627778635488732,-0.02527336873775593,-0.044271783732172665,-0.0018358687377559857,0.0,0.0,0.0,0.0,0.0
results/raw/mmbench_cn_lite_llava_128_256_calibrated\llava_mmbench_cn_128_256_fastv_calibprune_r025.json,llava_mmbench_cn_128_256_fastv_calibprune_r025,llava15_7b_4bit,mmbench_cn,test,fastv,0.25,calibprune,20260616,256,a63edebc6f7ada65,False,0.40625,0.06021691127605595,0.07983067134466823,0.4434721323554159,0.40871149525687334,literature-hook,False,False,,,,,,0.0,-0.19021057370152178,-0.17950056412473206,-0.0005982103608102585,-0.2479659897207045
results/raw/mmbench_cn_lite_llava_128_256_seed20260617_calibrated\llava_mmbench_cn_128_256_seed20260617_fastv_calibprune_r025.json,llava_mmbench_cn_128_256_seed20260617_fastv_calibprune_r025,llava15_7b_4bit,mmbench_cn,test,fastv,0.25,calibprune,20260617,256,43b8a90edb1ff6fd,False,0.35546875,0.0706553153397047,0.07436178060139068,0.5660142976791757,0.4017694064262932,literature-hook,False,False,,,,,,0.0,-0.2236777028142225,-0.21956166356757542,0.005805185986556105,-0.24389695476027973
results/raw/mmbench_cn_lite_llava_128_256_seed20260618_calibrated\llava_mmbench_cn_128_256_seed20260618_fastv_calibprune_r025.json,llava_mmbench_cn_128_256_seed20260618_fastv_calibprune_r025,llava15_7b_4bit,mmbench_cn,test,fastv,0.25,calibprune,20260618,256,8c3cdd15829d3efb,False,0.40625,0.05159285902676887,0.07658163211226617,0.47059392849558423,0.4163700690869084,literature-hook,False,False,,,,,,0.0,-0.198493705041832,-0.16744084269338455,0.004001525476562906,-0.23290447145701804
results/raw/mmbench_cn_lite_llava_128_256\llava15_7b_4bit-mmbench_cn-test-fastv-r0.25-n256-seed20260616.json,llava15_7b_4bit-mmbench_cn-test-fastv-r0.25-n256-seed20260616,llava15_7b_4bit,mmbench_cn,test,fastv,0.25,none,20260616,256,a63edebc6f7ada65,False,0.40625,0.2504274849775777,0.2593312354694003,0.44407034271622614,0.6566774849775778,literature-hook,False,False,-0.0078125,-0.003676654878340291,0.015332788882083948,-0.011830907894663012,0.0031255937988148297,0.0,0.0,0.0,0.0,0.0
results/raw/mmbench_cn_lite_llava_128_256_seed20260617\llava15_7b_4bit-mmbench_cn-test-fastv-r0.25-n256-seed20260617.json,llava15_7b_4bit-mmbench_cn-test-fastv-r0.25-n256-seed20260617,llava15_7b_4bit,mmbench_cn,test,fastv,0.25,none,20260617,256,43b8a90edb1ff6fd,False,0.35546875,0.2943330181539272,0.2939234441689661,0.5602091116926196,0.645666361186573,literature-hook,False,False,-0.01171875,0.015442793860398263,0.004147868942592892,-0.017188593367887472,-0.00023729799754845793,0.0,0.0,0.0,0.0,0.0
results/raw/mmbench_cn_lite_llava_128_256_seed20260618\llava15_7b_4bit-mmbench_cn-test-fastv-r0.25-n256-seed20260618.json,llava15_7b_4bit-mmbench_cn-test-fastv-r0.25-n256-seed20260618,llava15_7b_4bit,mmbench_cn,test,fastv,0.25,none,20260618,256,8c3cdd15829d3efb,False,0.40625,0.25008656406860086,0.2440224748056507,0.46659240301902133,0.6492745405439264,literature-hook,False,False,-0.01171875,0.02650283737231776,0.016699481707131564,-0.0028032116037303156,0.00772206384764329,0.0,0.0,0.0,0.0,0.0
results/raw/mmbench_cn_lite_llava_128_256_calibrated\llava_mmbench_cn_128_256_fastv_temp_r025.json,llava_mmbench_cn_128_256_fastv_temp_r025,llava15_7b_4bit,mmbench_cn,test,fastv,0.25,temperature_scaling,20260616,256,a63edebc6f7ada65,False,0.40625,0.0618093753617839,0.08670946189199638,0.4434861665016831,0.41150092045683756,literature-hook,False,False,-0.0078125,-0.010878575977229264,-0.01626501200051389,-0.009144444314348743,0.00569088209415175,0.0,-0.1886181096157938,-0.1726217735774039,-0.0005841762145430418,-0.24517656452074027
results/raw/mmbench_cn_lite_llava_128_256_seed20260617_calibrated\llava_mmbench_cn_128_256_seed20260617_fastv_temp_r025.json,llava_mmbench_cn_128_256_seed20260617_fastv_temp_r025,llava15_7b_4bit,mmbench_cn,test,fastv,0.25,temperature_scaling,20260617,256,43b8a90edb1ff6fd,False,0.35546875,0.07065531533970468,0.07436178060139063,0.5660142976791757,0.4017694064262931,literature-hook,False,False,-0.01171875,0.00477104033938007,-0.010855519440287606,-0.009142559410694973,0.0005153232108690009,0.0,-0.22367770281422253,-0.21956166356757545,0.005805185986556105,-0.24389695476027984
results/raw/mmbench_cn_lite_llava_128_256_seed20260618_calibrated\llava_mmbench_cn_128_256_seed20260618_fastv_temp_r025.json,llava_mmbench_cn_128_256_seed20260618_fastv_temp_r025,llava15_7b_4bit,mmbench_cn,test,fastv,0.25,temperature_scaling,20260618,256,8c3cdd15829d3efb,False,0.40625,0.03910725015323163,0.08327017092736261,0.47103365025450017,0.4078710391150412,literature-hook,False,False,-0.01171875,-0.04417422974812649,0.0007570239045358862,0.002175105020793433,0.0055597905077307,0.0,-0.21097931391536923,-0.1607523038782881,0.00444124723547884,-0.24140350142888523
results/raw/mmbench_cn_lite_llava_128_256_calibrated\llava_mmbench_cn_128_256_fastv_calibprune_r05.json,llava_mmbench_cn_128_256_fastv_calibprune_r05,llava15_7b_4bit,mmbench_cn,test,fastv,0.5,calibprune,20260616,256,a63edebc6f7ada65,False,0.41015625,0.07544106807117336,0.08948925839971497,0.4444956754612167,0.4479143908417542,literature-hook,False,False,,,,,,0.0,-0.1839976332334649,-0.16994944290492323,-0.0017835803602174183,-0.22168056046288398
results/raw/mmbench_cn_lite_llava_128_256_seed20260617_calibrated\llava_mmbench_cn_128_256_seed20260617_fastv_calibprune_r05.json,llava_mmbench_cn_128_256_seed20260617_fastv_calibprune_r05,llava15_7b_4bit,mmbench_cn,test,fastv,0.5,calibprune,20260617,256,43b8a90edb1ff6fd,False,0.359375,0.08248114910362786,0.08482587865784501,0.5573861606901973,0.4352332216989962,literature-hook,False,False,,,,,,0.0,-0.20844311189970893,-0.20442523251692962,0.007624661207256689,-0.21339288947577845
results/raw/mmbench_cn_lite_llava_128_256_seed20260618_calibrated\llava_mmbench_cn_128_256_seed20260618_fastv_calibprune_r05.json,llava_mmbench_cn_128_256_seed20260618_fastv_calibprune_r05,llava15_7b_4bit,mmbench_cn,test,fastv,0.5,calibprune,20260618,256,8c3cdd15829d3efb,False,0.40625,0.08454149116848465,0.09486235553865176,0.46383440149448774,0.4526526815592349,literature-hook,False,False,,,,,,0.0,-0.16752143701660693,-0.16232130053595722,0.005684840002850355,-0.20281792299524803
results/raw/mmbench_cn_lite_llava_128_256\llava15_7b_4bit-mmbench_cn-test-fastv-r0.5-n256-seed20260616.json,llava15_7b_4bit-mmbench_cn-test-fastv-r0.5-n256-seed20260616,llava15_7b_4bit,mmbench_cn,test,fastv,0.5,none,20260616,256,a63edebc6f7ada65,False,0.41015625,0.25943870130463825,0.2594387013046382,0.44627925582143413,0.6695949513046382,literature-hook,False,False,-0.00390625,0.005334561448720243,0.015440254717321855,-0.009621994789455024,0.016043060125875197,0.0,0.0,0.0,0.0,0.0
results/raw/mmbench_cn_lite_llava_128_256_seed20260617\llava15_7b_4bit-mmbench_cn-test-fastv-r0.5-n256-seed20260617.json,llava15_7b_4bit-mmbench_cn-test-fastv-r0.5-n256-seed20260617,llava15_7b_4bit,mmbench_cn,test,fastv,0.5,none,20260617,256,43b8a90edb1ff6fd,False,0.359375,0.2909242610033368,0.28925111117477464,0.5497614994829406,0.6486261111747746,literature-hook,False,False,-0.0078125,0.01203403670980785,-0.000524464051598561,-0.02763620557756641,0.0027224519906532407,0.0,0.0,0.0,0.0,0.0
results/raw/mmbench_cn_lite_llava_128_256_seed20260618\llava15_7b_4bit-mmbench_cn-test-fastv-r0.5-n256-seed20260618.json,llava15_7b_4bit-mmbench_cn-test-fastv-r0.5-n256-seed20260618,llava15_7b_4bit,mmbench_cn,test,fastv,0.5,none,20260618,256,8c3cdd15829d3efb,False,0.40625,0.2520629281850916,0.25718365607460897,0.4581495614916374,0.6554706045544829,literature-hook,False,False,-0.01171875,0.028479201488808475,0.02986066297608983,-0.011246053131114264,0.013918127858199791,0.0,0.0,0.0,0.0,0.0
results/raw/mmbench_cn_lite_llava_128_256_calibrated\llava_mmbench_cn_128_256_fastv_temp_r05.json,llava_mmbench_cn_128_256_fastv_temp_r05,llava15_7b_4bit,mmbench_cn,test,fastv,0.5,temperature_scaling,20260616,256,a63edebc6f7ada65,False,0.41015625,0.06972488863446441,0.08206351387445271,0.44421315766350455,0.41727778075490474,literature-hook,False,False,-0.00390625,-0.002963062704548755,-0.02091096001805756,-0.008417453152527288,0.011467742392218927,0.0,-0.18971381267017384,-0.1773751874301855,-0.0020660981579295745,-0.25231717054973346
results/raw/mmbench_cn_lite_llava_128_256_seed20260617_calibrated\llava_mmbench_cn_128_256_seed20260617_fastv_temp_r05.json,llava_mmbench_cn_128_256_seed20260617_fastv_temp_r05,llava15_7b_4bit,mmbench_cn,test,fastv,0.5,temperature_scaling,20260617,256,43b8a90edb1ff6fd,False,0.359375,0.05340912619774004,0.06744613843972797,0.5581735795203543,0.40385854625964734,literature-hook,False,False,-0.0078125,-0.012475148802584567,-0.017771161601950275,-0.016983277569516342,0.0026044630442232375,0.0,-0.23751513480559674,-0.22180497273504668,0.008412080037413672,-0.2447675649151273
results/raw/mmbench_cn_lite_llava_128_256_seed20260618_calibrated\llava_mmbench_cn_128_256_seed20260618_fastv_temp_r05.json,llava_mmbench_cn_128_256_seed20260618_fastv_temp_r05,llava15_7b_4bit,mmbench_cn,test,fastv,0.5,temperature_scaling,20260618,256,8c3cdd15829d3efb,False,0.40625,0.028858823811676544,0.0810361882310087,0.46430197344316754,0.41217952442357914,literature-hook,False,False,-0.01171875,-0.054422656089681574,-0.0014769587918180282,-0.004556571790539199,0.009868275816268646,0.0,-0.22320410437341504,-0.17614746784360027,0.006152411951530157,-0.24329108013090378
results/raw/mmbench_cn_lite_llava_128_256_calibrated\llava_mmbench_cn_128_256_fastv_calibprune_r075.json,llava_mmbench_cn_128_256_fastv_calibprune_r075,llava15_7b_4bit,mmbench_cn,test,fastv,0.75,calibprune,20260616,256,a63edebc6f7ada65,False,0.40625,0.11463586977815945,0.1325328194751692,0.454079658621544,0.49418868770547825,literature-hook,False,False,,,,,,0.0,-0.15701209015553205,-0.12939400501087323,0.0004495851362227299,-0.17398813678056418
results/raw/mmbench_cn_lite_llava_128_256_seed20260617_calibrated\llava_mmbench_cn_128_256_seed20260617_fastv_calibprune_r075.json,llava_mmbench_cn_128_256_seed20260617_fastv_calibprune_r075,llava15_7b_4bit,mmbench_cn,test,fastv,0.75,calibprune,20260617,256,43b8a90edb1ff6fd,False,0.375,0.1462068084812286,0.16064598513748374,0.5676528024347969,0.48501767422648917,literature-hook,False,False,,,,,,0.0,-0.16404373802954939,-0.13129101772538032,0.0026134140774014547,-0.17073905280731122
results/raw/mmbench_cn_lite_llava_128_256_seed20260618_calibrated\llava_mmbench_cn_128_256_seed20260618_fastv_calibprune_r075.json,llava_mmbench_cn_128_256_seed20260618_fastv_calibprune_r075,llava15_7b_4bit,mmbench_cn,test,fastv,0.75,calibprune,20260618,256,8c3cdd15829d3efb,False,0.44921875,0.09622761806309783,0.10446660400115146,0.4529502159366757,0.4948374678206487,literature-hook,False,False,,,,,,0.0,-0.11387012525916156,-0.12471092330817063,0.0019327398072326307,-0.16068669074658865
results/raw/mmbench_cn_lite_llava_128_256\llava15_7b_4bit-mmbench_cn-test-fastv-r0.75-n256-seed20260616.json,llava15_7b_4bit-mmbench_cn-test-fastv-r0.75-n256-seed20260616,llava15_7b_4bit,mmbench_cn,test,fastv,0.75,none,20260616,256,a63edebc6f7ada65,False,0.40625,0.2716479599336915,0.26192682448604243,0.45363007348532125,0.6681768244860424,literature-hook,False,False,-0.0078125,0.017543820077773498,0.01792837789872609,-0.0022711771255679025,0.01462493330727943,0.0,0.0,0.0,0.0,0.0
results/raw/mmbench_cn_lite_llava_128_256_seed20260617\llava15_7b_4bit-mmbench_cn-test-fastv-r0.75-n256-seed20260617.json,llava15_7b_4bit-mmbench_cn-test-fastv-r0.75-n256-seed20260617,llava15_7b_4bit,mmbench_cn,test,fastv,0.75,none,20260617,256,43b8a90edb1ff6fd,False,0.375,0.310250546510778,0.29193700286286406,0.5650393883573954,0.6557567270338004,literature-hook,False,False,0.0078125,0.03136032221724905,0.0021614276364908536,-0.012358316703111605,0.009853067849678987,0.0,0.0,0.0,0.0,0.0
results/raw/mmbench_cn_lite_llava_128_256_seed20260618\llava15_7b_4bit-mmbench_cn-test-fastv-r0.75-n256-seed20260618.json,llava15_7b_4bit-mmbench_cn-test-fastv-r0.75-n256-seed20260618,llava15_7b_4bit,mmbench_cn,test,fastv,0.75,none,20260618,256,8c3cdd15829d3efb,False,0.44921875,0.2100977433222594,0.2291775273093221,0.4510174761294431,0.6555241585672373,literature-hook,False,False,0.03125,-0.013485983374023708,0.0018545342108029494,-0.01837813849330855,0.013971681870954211,0.0,0.0,0.0,0.0,0.0
results/raw/mmbench_cn_lite_llava_128_256_calibrated\llava_mmbench_cn_128_256_fastv_temp_r075.json,llava_mmbench_cn_128_256_fastv_temp_r075,llava15_7b_4bit,mmbench_cn,test,fastv,0.75,temperature_scaling,20260616,256,a63edebc6f7ada65,False,0.40625,0.07930856396106155,0.11857103821255546,0.4550876987792262,0.4133846178531262,literature-hook,False,False,-0.0078125,0.006620612622048383,0.015596564320045192,0.002457087963194382,0.007574579490440381,0.0,-0.19233939597262995,-0.14335578627348697,0.0014576252939049739,-0.25479220663291624
results/raw/mmbench_cn_lite_llava_128_256_seed20260617_calibrated\llava_mmbench_cn_128_256_seed20260617_fastv_temp_r075.json,llava_mmbench_cn_128_256_seed20260617_fastv_temp_r075,llava15_7b_4bit,mmbench_cn,test,fastv,0.75,temperature_scaling,20260617,256,43b8a90edb1ff6fd,False,0.375,0.07714727125986114,0.11370023983632216,0.5690759735886717,0.40717234853400425,literature-hook,False,False,0.0078125,0.011262996259536528,0.02848293979464392,-0.006080883501198953,0.00591826531858014,0.0,-0.23310327525091684,-0.1782367630265419,0.004036585231276257,-0.24858437849979614
results/raw/mmbench_cn_lite_llava_128_256_seed20260618_calibrated\llava_mmbench_cn_128_256_seed20260618_fastv_temp_r075.json,llava_mmbench_cn_128_256_seed20260618_fastv_temp_r075,llava15_7b_4bit,mmbench_cn,test,fastv,0.75,temperature_scaling,20260618,256,8c3cdd15829d3efb,False,0.44921875,0.06717186839740842,0.07378594621571692,0.45164799313823123,0.4109046404852357,literature-hook,False,False,0.03125,-0.016109611503949697,-0.0087272008071098,-0.017210552095475506,0.008593391877925183,0.0,-0.14292587492485098,-0.15539158109360518,0.000630517008788134,-0.24461951808200166
results/raw/mmbench_cn_lite_llava_128_256\llava15_7b_4bit-mmbench_cn-test-none-r1-n256-seed20260616.json,llava15_7b_4bit-mmbench_cn-test-none-r1-n256-seed20260616,llava15_7b_4bit,mmbench_cn,test,none,1.0,none,20260616,256,a63edebc6f7ada65,False,0.4140625,0.254104139855918,0.24399844658731634,0.45590125061088915,0.653551891178763,unpruned,False,False,0.0,0.0,0.0,0.0,0.0,0.0,0.0,0.0,0.0,0.0
results/raw/mmbench_cn_lite_llava_128_256_seed20260617\llava15_7b_4bit-mmbench_cn-test-none-r1-n256-seed20260617.json,llava15_7b_4bit-mmbench_cn-test-none-r1-n256-seed20260617,llava15_7b_4bit,mmbench_cn,test,none,1.0,none,20260617,256,43b8a90edb1ff6fd,False,0.3671875,0.27889022429352894,0.2897755752263732,0.577397705060507,0.6459036591841214,unpruned,False,False,0.0,0.0,0.0,0.0,0.0,0.0,0.0,0.0,0.0,0.0
results/raw/mmbench_cn_lite_llava_128_256_seed20260618\llava15_7b_4bit-mmbench_cn-test-none-r1-n256-seed20260618.json,llava15_7b_4bit-mmbench_cn-test-none-r1-n256-seed20260618,llava15_7b_4bit,mmbench_cn,test,none,1.0,none,20260618,256,8c3cdd15829d3efb,False,0.41796875,0.2235837266962831,0.22732299309851914,0.46939561462275164,0.6415524766962831,unpruned,False,False,0.0,0.0,0.0,0.0,0.0,0.0,0.0,0.0,0.0,0.0
results/raw/mmbench_cn_lite_llava_128_256_calibrated\llava_mmbench_cn_128_256_none_temp.json,llava_mmbench_cn_128_256_none_temp,llava15_7b_4bit,mmbench_cn,test,none,1.0,temperature_scaling,20260616,256,a63edebc6f7ada65,False,0.4140625,0.07268795133901317,0.10297447389251027,0.45263061081603184,0.4058100383626858,unpruned,False,False,0.0,0.0,0.0,0.0,0.0,0.0,-0.18141618851690483,-0.14102397269480607,-0.0032706397948573107,-0.2477418528160772
results/raw/mmbench_cn_lite_llava_128_256_seed20260617_calibrated\llava_mmbench_cn_128_256_seed20260617_none_temp.json,llava_mmbench_cn_128_256_seed20260617_none_temp,llava15_7b_4bit,mmbench_cn,test,none,1.0,temperature_scaling,20260617,256,43b8a90edb1ff6fd,False,0.3671875,0.06588427500032461,0.08521730004167824,0.5751568570898706,0.4012540832154241,unpruned,False,False,0.0,0.0,0.0,0.0,0.0,0.0,-0.21300594929320432,-0.20455827518469497,-0.002240847970636395,-0.2446495759686973
results/raw/mmbench_cn_lite_llava_128_256_seed20260618_calibrated\llava_mmbench_cn_128_256_seed20260618_none_temp.json,llava_mmbench_cn_128_256_seed20260618_none_temp,llava15_7b_4bit,mmbench_cn,test,none,1.0,temperature_scaling,20260618,256,8c3cdd15829d3efb,False,0.41796875,0.08328147990135812,0.08251314702282672,0.46885854523370674,0.4023112486073105,unpruned,False,False,0.0,0.0,0.0,0.0,0.0,0.0,-0.14030224679492498,-0.14480984607569242,-0.0005370693890449085,-0.23924122808897264
results/raw/mmbench_cn_lite_llava_128_256_calibrated\llava_mmbench_cn_128_256_visionzip_calibprune_r025.json,llava_mmbench_cn_128_256_visionzip_calibprune_r025,llava15_7b_4bit,mmbench_cn,test,visionzip,0.25,calibprune,20260616,256,a63edebc6f7ada65,False,0.39453125,0.07512310799280174,0.09107108276649428,0.4509699694185937,0.4260072894250309,literature-hook,False,False,,,,,,0.0,-0.18898880132261392,-0.17304082654892128,-0.003751226233314975,-0.2326358698903847
results/raw/mmbench_cn_lite_llava_128_256_seed20260617_calibrated\llava_mmbench_cn_128_256_seed20260617_visionzip_calibprune_r025.json,llava_mmbench_cn_128_256_seed20260617_visionzip_calibprune_r025,llava15_7b_4bit,mmbench_cn,test,visionzip,0.25,calibprune,20260617,256,43b8a90edb1ff6fd,False,0.37890625,0.05965202155345276,0.08946563969790494,0.5474932450267622,0.4034676425781568,literature-hook,False,False,,,,,,0.0,-0.22474242539546826,-0.20737721993195718,0.00469904273108801,-0.2501124853710973
results/raw/mmbench_cn_lite_llava_128_256_seed20260618_calibrated\llava_mmbench_cn_128_256_seed20260618_visionzip_calibprune_r025.json,llava_mmbench_cn_128_256_seed20260618_visionzip_calibprune_r025,llava15_7b_4bit,mmbench_cn,test,visionzip,0.25,calibprune,20260618,256,8c3cdd15829d3efb,False,0.4453125,0.043134174818928575,0.06499844161101512,0.45175454004363125,0.40908376068014446,literature-hook,False,False,,,,,,0.0,-0.1790477259845602,-0.15860308519035551,0.00585275444539346,-0.24775786597775312
results/raw/mmbench_cn_lite_llava_128_256\llava15_7b_4bit-mmbench_cn-test-visionzip-r0.25-n256-seed20260616.json,llava15_7b_4bit-mmbench_cn-test-visionzip-r0.25-n256-seed20260616,llava15_7b_4bit,mmbench_cn,test,visionzip,0.25,none,20260616,256,a63edebc6f7ada65,False,0.39453125,0.26411190931541567,0.26411190931541556,0.45472119565190866,0.6586431593154156,literature-hook,False,False,-0.01953125,0.010007769459497662,0.02011346272809922,-0.001180054958980492,0.005091268136652616,0.0,0.0,0.0,0.0,0.0
results/raw/mmbench_cn_lite_llava_128_256_seed20260617\llava15_7b_4bit-mmbench_cn-test-visionzip-r0.25-n256-seed20260617.json,llava15_7b_4bit-mmbench_cn-test-visionzip-r0.25-n256-seed20260617,llava15_7b_4bit,mmbench_cn,test,visionzip,0.25,none,20260617,256,43b8a90edb1ff6fd,False,0.37890625,0.284394446948921,0.2968428596298621,0.5427942022956742,0.6535801279492541,literature-hook,False,False,0.01171875,0.005504222655392077,0.007067284403488916,-0.034603502764832816,0.007676468765132727,0.0,0.0,0.0,0.0,0.0
results/raw/mmbench_cn_lite_llava_128_256_seed20260618\llava15_7b_4bit-mmbench_cn-test-visionzip-r0.25-n256-seed20260618.json,llava15_7b_4bit-mmbench_cn-test-visionzip-r0.25-n256-seed20260618,llava15_7b_4bit,mmbench_cn,test,visionzip,0.25,none,20260618,256,8c3cdd15829d3efb,False,0.4453125,0.22218190080348876,0.22360152680137063,0.4459017855982378,0.6568416266578976,literature-hook,False,False,0.02734375,-0.001401825892794334,-0.003721466297148507,-0.023493829024513857,0.015289149961614457,0.0,0.0,0.0,0.0,0.0
results/raw/mmbench_cn_lite_llava_128_256_calibrated\llava_mmbench_cn_128_256_visionzip_temp_r025.json,llava_mmbench_cn_128_256_visionzip_temp_r025,llava15_7b_4bit,mmbench_cn,test,visionzip,0.25,temperature_scaling,20260616,256,a63edebc6f7ada65,False,0.39453125,0.0759303943296358,0.09737277097588214,0.4511118802685907,0.42107743728938196,literature-hook,False,False,-0.01953125,0.0032424429906226376,-0.005601702916628135,-0.0015187305474411161,0.015267398926696152,0.0,-0.18818151498577987,-0.1667391383395334,-0.0036093153833179348,-0.23756572202603365
results/raw/mmbench_cn_lite_llava_128_256_seed20260617_calibrated\llava_mmbench_cn_128_256_seed20260617_visionzip_temp_r025.json,llava_mmbench_cn_128_256_seed20260617_visionzip_temp_r025,llava15_7b_4bit,mmbench_cn,test,visionzip,0.25,temperature_scaling,20260617,256,43b8a90edb1ff6fd,False,0.37890625,0.05965202155345273,0.08946563969790491,0.5474932450267622,0.4034676425781567,literature-hook,False,False,0.01171875,-0.00623225344687188,0.004248339656226674,-0.02766361206310841,0.002213559362732598,0.0,-0.2247424253954683,-0.2073772199319572,0.00469904273108801,-0.2501124853710974
results/raw/mmbench_cn_lite_llava_128_256_seed20260618_calibrated\llava_mmbench_cn_128_256_seed20260618_visionzip_temp_r025.json,llava_mmbench_cn_128_256_seed20260618_visionzip_temp_r025,llava15_7b_4bit,mmbench_cn,test,visionzip,0.25,temperature_scaling,20260618,256,8c3cdd15829d3efb,False,0.4453125,0.043134174818928644,0.06499844161101517,0.45175454004363125,0.40908376068014435,literature-hook,False,False,0.02734375,-0.040147305082429474,-0.01751470541181155,-0.01710400519007549,0.006772512072833858,0.0,-0.17904772598456012,-0.15860308519035546,0.00585275444539346,-0.24775786597775323
results/raw/mmbench_cn_lite_llava_128_256_calibrated\llava_mmbench_cn_128_256_visionzip_calibprune_r05.json,llava_mmbench_cn_128_256_visionzip_calibprune_r05,llava15_7b_4bit,mmbench_cn,test,visionzip,0.5,calibprune,20260616,256,a63edebc6f7ada65,False,0.39453125,0.08875228411162202,0.11732272504243385,0.4486284661096995,0.4629191731001122,literature-hook,False,False,,,,,,0.0,-0.17805168772617852,-0.1600002757865247,0.00010498102544814758,-0.19841604873768837
results/raw/mmbench_cn_lite_llava_128_256_seed20260617_calibrated\llava_mmbench_cn_128_256_seed20260617_visionzip_calibprune_r05.json,llava_mmbench_cn_128_256_seed20260617_visionzip_calibprune_r05,llava15_7b_4bit,mmbench_cn,test,visionzip,0.5,calibprune,20260617,256,43b8a90edb1ff6fd,False,0.38671875,0.06919505361776812,0.0859024264855614,0.5393050785056119,0.43516422664173376,literature-hook,False,False,,,,,,0.0,-0.2051925663851945,-0.19460055171498536,0.004284215233584021,-0.21694354480981376
results/raw/mmbench_cn_lite_llava_128_256_seed20260618_calibrated\llava_mmbench_cn_128_256_seed20260618_visionzip_calibprune_r05.json,llava_mmbench_cn_128_256_seed20260618_visionzip_calibprune_r05,llava15_7b_4bit,mmbench_cn,test,visionzip,0.5,calibprune,20260618,256,8c3cdd15829d3efb,False,0.43359375,0.058163245410105605,0.10559117543778065,0.4554188756914721,0.4406618784543967,literature-hook,False,False,,,,,,0.0,-0.1689780990667652,-0.12274101616704533,0.0036230790982180183,-0.21160210826279896
results/raw/mmbench_cn_lite_llava_128_256\llava15_7b_4bit-mmbench_cn-test-visionzip-r0.5-n256-seed20260616.json,llava15_7b_4bit-mmbench_cn-test-visionzip-r0.5-n256-seed20260616,llava15_7b_4bit,mmbench_cn,test,visionzip,0.5,none,20260616,256,a63edebc6f7ada65,False,0.39453125,0.2668039718378005,0.27732300082895855,0.4485234850842513,0.6613352218378006,literature-hook,False,False,-0.01953125,0.012699831981882514,0.03332455424164221,-0.007377765526637825,0.0077833306590375795,0.0,0.0,0.0,0.0,0.0
results/raw/mmbench_cn_lite_llava_128_256_seed20260617\llava15_7b_4bit-mmbench_cn-test-visionzip-r0.5-n256-seed20260617.json,llava15_7b_4bit-mmbench_cn-test-visionzip-r0.5-n256-seed20260617,llava15_7b_4bit,mmbench_cn,test,visionzip,0.5,none,20260617,256,43b8a90edb1ff6fd,False,0.38671875,0.27438762000296263,0.28050297820054676,0.5350208632720279,0.6521077714515475,literature-hook,False,False,0.01953125,-0.004502604290566314,-0.009272597025826446,-0.042376841788479114,0.006204112267426121,0.0,0.0,0.0,0.0,0.0
results/raw/mmbench_cn_lite_llava_128_256_seed20260618\llava15_7b_4bit-mmbench_cn-test-visionzip-r0.5-n256-seed20260618.json,llava15_7b_4bit-mmbench_cn-test-visionzip-r0.5-n256-seed20260618,llava15_7b_4bit,mmbench_cn,test,visionzip,0.5,none,20260618,256,8c3cdd15829d3efb,False,0.43359375,0.2271413444768708,0.22833219160482598,0.4517957965932541,0.6522639867171957,literature-hook,False,False,0.015625,0.0035576177805876907,0.0010091985063068465,-0.01759981802949756,0.010711510020912529,0.0,0.0,0.0,0.0,0.0
results/raw/mmbench_cn_lite_llava_128_256_calibrated\llava_mmbench_cn_128_256_visionzip_temp_r05.json,llava_mmbench_cn_128_256_visionzip_temp_r05,llava15_7b_4bit,mmbench_cn,test,visionzip,0.5,temperature_scaling,20260616,256,a63edebc6f7ada65,False,0.39453125,0.08479029109717691,0.10645182845489688,0.44906089793895115,0.42727549583407926,literature-hook,False,False,-0.01953125,0.012102339758163744,0.0034773545623866114,-0.0035697128770806885,0.021465457471393445,0.0,-0.18201368074062363,-0.1708711723740617,0.0005374128546998258,-0.23405972600372132
results/raw/mmbench_cn_lite_llava_128_256_seed20260617_calibrated\llava_mmbench_cn_128_256_seed20260617_visionzip_temp_r05.json,llava_mmbench_cn_128_256_seed20260617_visionzip_temp_r05,llava15_7b_4bit,mmbench_cn,test,visionzip,0.5,temperature_scaling,20260617,256,43b8a90edb1ff6fd,False,0.38671875,0.04376179678481299,0.07738338221248106,0.539390814447374,0.403518233756487,literature-hook,False,False,0.01953125,-0.022122478215511616,-0.007833917829197179,-0.03576604264249661,0.0022641505410628815,0.0,-0.23062582321814964,-0.2031195959880657,0.0043699511753461096,-0.24858953769506054
results/raw/mmbench_cn_lite_llava_128_256_seed20260618_calibrated\llava_mmbench_cn_128_256_seed20260618_visionzip_temp_r05.json,llava_mmbench_cn_128_256_seed20260618_visionzip_temp_r05,llava15_7b_4bit,mmbench_cn,test,visionzip,0.5,temperature_scaling,20260618,256,8c3cdd15829d3efb,False,0.43359375,0.05034909580187377,0.08530780181878093,0.4558289809838028,0.40851390115361264,literature-hook,False,False,0.015625,-0.032932384099484346,0.002794654795954213,-0.013029564249903924,0.006202652546302145,0.0,-0.17679224867499702,-0.14302438978604504,0.0040331843905487275,-0.24375008556358302
results/raw/mmbench_cn_lite_llava_128_256_calibrated\llava_mmbench_cn_128_256_visionzip_calibprune_r075.json,llava_mmbench_cn_128_256_visionzip_calibprune_r075,llava15_7b_4bit,mmbench_cn,test,visionzip,0.75,calibprune,20260616,256,a63edebc6f7ada65,False,0.41015625,0.1106704104701108,0.11886807642465051,0.4611500471205321,0.5106872694305556,literature-hook,False,False,,,,,,0.0,-0.1399970899027551,-0.13179942394821537,0.00023681994153851305,-0.15013648094231014
results/raw/mmbench_cn_lite_llava_128_256_seed20260617_calibrated\llava_mmbench_cn_128_256_seed20260617_visionzip_calibprune_r075.json,llava_mmbench_cn_128_256_seed20260617_visionzip_calibprune_r075,llava15_7b_4bit,mmbench_cn,test,visionzip,0.75,calibprune,20260617,256,43b8a90edb1ff6fd,False,0.3671875,0.11633531571560533,0.1481499791733139,0.5796033481474845,0.4826140813788029,literature-hook,False,False,,,,,,0.0,-0.1691349792602319,-0.13809334766983233,0.0012783485129328476,-0.1700437135970343
results/raw/mmbench_cn_lite_llava_128_256_seed20260618_calibrated\llava_mmbench_cn_128_256_seed20260618_visionzip_calibprune_r075.json,llava_mmbench_cn_128_256_seed20260618_visionzip_calibprune_r075,llava15_7b_4bit,mmbench_cn,test,visionzip,0.75,calibprune,20260618,256,8c3cdd15829d3efb,False,0.4296875,0.06473331131768172,0.1333733668832896,0.4687166819080145,0.4880347876112769,literature-hook,False,False,,,,,,0.0,-0.16872362580663341,-0.09555514535588316,0.0014856737075368276,-0.16946872670634777
results/raw/mmbench_cn_lite_llava_128_256\llava15_7b_4bit-mmbench_cn-test-visionzip-r0.75-n256-seed20260616.json,llava15_7b_4bit-mmbench_cn-test-visionzip-r0.75-n256-seed20260616,llava15_7b_4bit,mmbench_cn,test,visionzip,0.75,none,20260616,256,a63edebc6f7ada65,False,0.41015625,0.2506675003728659,0.2506675003728659,0.4609132271789936,0.6608237503728658,literature-hook,False,False,-0.00390625,-0.0034366394830521174,0.00666905378554955,0.005011976568104426,0.007271859194102781,0.0,0.0,0.0,0.0,0.0
results/raw/mmbench_cn_lite_llava_128_256_seed20260617\llava15_7b_4bit-mmbench_cn-test-visionzip-r0.75-n256-seed20260617.json,llava15_7b_4bit-mmbench_cn-test-visionzip-r0.75-n256-seed20260617,llava15_7b_4bit,mmbench_cn,test,visionzip,0.75,none,20260617,256,43b8a90edb1ff6fd,False,0.3671875,0.28547029497583726,0.28624332684314624,0.5783249996345516,0.6526577949758372,literature-hook,False,False,0.0,0.006580070682308314,-0.0035322483832269658,0.0009272945740446126,0.0067541357917157985,0.0,0.0,0.0,0.0,0.0
results/raw/mmbench_cn_lite_llava_128_256_seed20260618\llava15_7b_4bit-mmbench_cn-test-visionzip-r0.75-n256-seed20260618.json,llava15_7b_4bit-mmbench_cn-test-visionzip-r0.75-n256-seed20260618,llava15_7b_4bit,mmbench_cn,test,visionzip,0.75,none,20260618,256,8c3cdd15829d3efb,False,0.4296875,0.23345693712431512,0.22892851223917277,0.4672310082004777,0.6575035143176247,literature-hook,False,False,0.01171875,0.00987321042803202,0.0016055191406536273,-0.0021646064222739514,0.015951037621341535,0.0,0.0,0.0,0.0,0.0
results/raw/mmbench_cn_lite_llava_128_256_calibrated\llava_mmbench_cn_128_256_visionzip_temp_r075.json,llava_mmbench_cn_128_256_visionzip_temp_r075,llava15_7b_4bit,mmbench_cn,test,visionzip,0.75,temperature_scaling,20260616,256,a63edebc6f7ada65,False,0.41015625,0.062150554945936166,0.0701280711477663,0.46136846493950034,0.4220837835557697,literature-hook,False,False,-0.00390625,-0.010537396393076999,-0.03284640274474397,0.008737854123468503,0.01627374519308389,0.0,-0.18851694542692973,-0.18053942922509958,0.0004552377605067659,-0.23873996681709608
results/raw/mmbench_cn_lite_llava_128_256_seed20260617_calibrated\llava_mmbench_cn_128_256_seed20260617_visionzip_temp_r075.json,llava_mmbench_cn_128_256_seed20260617_visionzip_temp_r075,llava15_7b_4bit,mmbench_cn,test,visionzip,0.75,temperature_scaling,20260617,256,43b8a90edb1ff6fd,False,0.3671875,0.06584514128547915,0.10873400719345695,0.5815926844355892,0.40518704786958415,literature-hook,False,False,0.0,-3.913371484545736e-05,0.023516707151778712,0.00643582734571857,0.003932964654160043,0.0,-0.21962515369035812,-0.1775093196496893,0.0032676848010375625,-0.24747074710625305
results/raw/mmbench_cn_lite_llava_128_256_seed20260618_calibrated\llava_mmbench_cn_128_256_seed20260618_visionzip_temp_r075.json,llava_mmbench_cn_128_256_seed20260618_visionzip_temp_r075,llava15_7b_4bit,mmbench_cn,test,visionzip,0.75,temperature_scaling,20260618,256,8c3cdd15829d3efb,False,0.4296875,0.08288936290331861,0.10996047146808781,0.4701449775039457,0.40969230482642494,literature-hook,False,False,0.01171875,-0.00039211699803951006,0.027447324445261087,0.0012864322702389464,0.007381056219114446,0.0,-0.1505675742209965,-0.11896804077108496,0.002913969303467989,-0.24781120949119972
